-- MySQL Script generated by MySQL Workbench
-- Tue Nov 22 18:31:51 2016
-- Model: New Model    Version: 1.0
-- MySQL Workbench Forward Engineering

SET @OLD_UNIQUE_CHECKS=@@UNIQUE_CHECKS, UNIQUE_CHECKS=0;
SET @OLD_FOREIGN_KEY_CHECKS=@@FOREIGN_KEY_CHECKS, FOREIGN_KEY_CHECKS=0;
SET @OLD_SQL_MODE=@@SQL_MODE, SQL_MODE='TRADITIONAL,ALLOW_INVALID_DATES';

-- -----------------------------------------------------
-- Schema qcrusherdb
-- -----------------------------------------------------

-- -----------------------------------------------------
-- Schema qcrusherdb
-- -----------------------------------------------------
CREATE SCHEMA IF NOT EXISTS `qcrusherdb` DEFAULT CHARACTER SET utf8 ;
USE `qcrusherdb` ;

-- -----------------------------------------------------
-- Table `qcrusherdb`.`question_object`
-- -----------------------------------------------------
DROP TABLE IF EXISTS `qcrusherdb`.`question_object` ;

CREATE TABLE IF NOT EXISTS `qcrusherdb`.`question_object` (
  `id` INT NOT NULL AUTO_INCREMENT,
  `question` VARCHAR(200) NOT NULL,
  `answer` VARCHAR(45) NOT NULL,
  PRIMARY KEY (`id`))
ENGINE = InnoDB;


-- -----------------------------------------------------
-- Table `qcrusherdb`.`user`
-- -----------------------------------------------------
DROP TABLE IF EXISTS `qcrusherdb`.`user` ;

CREATE TABLE IF NOT EXISTS `qcrusherdb`.`user` (
  `id` INT NOT NULL AUTO_INCREMENT,
  `username` VARCHAR(45) NOT NULL,
  `password` VARCHAR(45) NOT NULL,
  PRIMARY KEY (`id`))
ENGINE = InnoDB;


-- -----------------------------------------------------
-- Table `qcrusherdb`.`quiz`
-- -----------------------------------------------------
DROP TABLE IF EXISTS `qcrusherdb`.`quiz` ;

CREATE TABLE IF NOT EXISTS `qcrusherdb`.`quiz` (
  `id` INT NOT NULL AUTO_INCREMENT,
  `name` VARCHAR(45) NOT NULL,
  `date_time` DATETIME NOT NULL,
  `creator_id` INT NOT NULL,
  PRIMARY KEY (`id`),
  INDEX `fk_quiz_user1_idx` (`creator_id` ASC),
  CONSTRAINT `fk_quiz_user1`
    FOREIGN KEY (`creator_id`)
    REFERENCES `qcrusherdb`.`user` (`id`)
    ON DELETE NO ACTION
    ON UPDATE NO ACTION)
ENGINE = InnoDB;


-- -----------------------------------------------------
-- Table `qcrusherdb`.`attempt`
-- -----------------------------------------------------
DROP TABLE IF EXISTS `qcrusherdb`.`attempt` ;

CREATE TABLE IF NOT EXISTS `qcrusherdb`.`attempt` (
  `id` INT NOT NULL AUTO_INCREMENT,
  `date_time` DATETIME NULL,
  `user_id` INT NOT NULL,
  `quiz_id` INT NOT NULL,
  PRIMARY KEY (`id`, `user_id`, `quiz_id`),
  INDEX `fk_attempt_user1_idx` (`user_id` ASC),
  INDEX `fk_attempt_quiz1_idx` (`quiz_id` ASC),
  CONSTRAINT `fk_attempt_user1`
    FOREIGN KEY (`user_id`)
    REFERENCES `qcrusherdb`.`user` (`id`)
    ON DELETE NO ACTION
    ON UPDATE NO ACTION,
  CONSTRAINT `fk_attempt_quiz1`
    FOREIGN KEY (`quiz_id`)
    REFERENCES `qcrusherdb`.`quiz` (`id`)
    ON DELETE NO ACTION
    ON UPDATE NO ACTION)
ENGINE = InnoDB;


-- -----------------------------------------------------
-- Table `qcrusherdb`.`attempt_question`
-- -----------------------------------------------------
DROP TABLE IF EXISTS `qcrusherdb`.`attempt_question` ;

CREATE TABLE IF NOT EXISTS `qcrusherdb`.`attempt_question` (
  `was_correct` TINYINT(1) NOT NULL,
  `question_id` INT NOT NULL,
  `attempt_id` INT NOT NULL,
  PRIMARY KEY (`question_id`, `attempt_id`),
  INDEX `fk_attempt_question_attempt1_idx` (`attempt_id` ASC),
  CONSTRAINT `fk_attempt_question_question_object1`
    FOREIGN KEY (`question_id`)
    REFERENCES `qcrusherdb`.`question_object` (`id`)
    ON DELETE NO ACTION
    ON UPDATE NO ACTION,
  CONSTRAINT `fk_attempt_question_attempt1`
    FOREIGN KEY (`attempt_id`)
    REFERENCES `qcrusherdb`.`attempt` (`id`)
    ON DELETE NO ACTION
    ON UPDATE NO ACTION)
ENGINE = InnoDB;


-- -----------------------------------------------------
-- Table `qcrusherdb`.`quiz_question`
-- -----------------------------------------------------
DROP TABLE IF EXISTS `qcrusherdb`.`quiz_question` ;

CREATE TABLE IF NOT EXISTS `qcrusherdb`.`quiz_question` (
  `quiz_id` INT NOT NULL,
  `question_id` INT NOT NULL,
  PRIMARY KEY (`quiz_id`, `question_id`),
  INDEX `fk_quiz_question_question_object1_idx` (`question_id` ASC),
  CONSTRAINT `fk_quiz_question_quiz`
    FOREIGN KEY (`quiz_id`)
    REFERENCES `qcrusherdb`.`quiz` (`id`)
    ON DELETE NO ACTION
    ON UPDATE NO ACTION,
  CONSTRAINT `fk_quiz_question_question_object1`
    FOREIGN KEY (`question_id`)
    REFERENCES `qcrusherdb`.`question_object` (`id`)
    ON DELETE NO ACTION
    ON UPDATE NO ACTION)
ENGINE = InnoDB;


-- -----------------------------------------------------
-- Table `qcrusherdb`.`quiz_rating`
-- -----------------------------------------------------
DROP TABLE IF EXISTS `qcrusherdb`.`quiz_rating` ;

CREATE TABLE IF NOT EXISTS `qcrusherdb`.`quiz_rating` (
  `rating` INT NULL,
  `feedback` VARCHAR(300) NULL,
  `user_id` INT NOT NULL,
  `quiz_id` INT NOT NULL,
  PRIMARY KEY (`user_id`, `quiz_id`),
  INDEX `fk_quiz_rating_quiz1_idx` (`quiz_id` ASC),
  CONSTRAINT `fk_quiz_rating_user1`
    FOREIGN KEY (`user_id`)
    REFERENCES `qcrusherdb`.`user` (`id`)
    ON DELETE NO ACTION
    ON UPDATE NO ACTION,
  CONSTRAINT `fk_quiz_rating_quiz1`
    FOREIGN KEY (`quiz_id`)
    REFERENCES `qcrusherdb`.`quiz` (`id`)
    ON DELETE NO ACTION
    ON UPDATE NO ACTION)
ENGINE = InnoDB;


-- -----------------------------------------------------
-- Table `qcrusherdb`.`question_rating`
-- -----------------------------------------------------
DROP TABLE IF EXISTS `qcrusherdb`.`question_rating` ;

CREATE TABLE IF NOT EXISTS `qcrusherdb`.`question_rating` (
  `rating` INT NOT NULL,
  `feedback` VARCHAR(300) NULL,
  `user_id` INT NOT NULL,
  `question_id` INT NOT NULL,
  PRIMARY KEY (`user_id`, `question_id`),
  INDEX `fk_question_rating_question_object1_idx` (`question_id` ASC),
  CONSTRAINT `fk_question_rating_user1`
    FOREIGN KEY (`user_id`)
    REFERENCES `qcrusherdb`.`user` (`id`)
    ON DELETE NO ACTION
    ON UPDATE NO ACTION,
  CONSTRAINT `fk_question_rating_question_object1`
    FOREIGN KEY (`question_id`)
    REFERENCES `qcrusherdb`.`question_object` (`id`)
    ON DELETE NO ACTION
    ON UPDATE NO ACTION)
ENGINE = InnoDB;


SET SQL_MODE=@OLD_SQL_MODE;
SET FOREIGN_KEY_CHECKS=@OLD_FOREIGN_KEY_CHECKS;
SET UNIQUE_CHECKS=@OLD_UNIQUE_CHECKS;

-- -----------------------------------------------------
-- Data for table `qcrusherdb`.`question_object`
-- -----------------------------------------------------
START TRANSACTION;
USE `qcrusherdb`;
INSERT INTO `qcrusherdb`.`question_object` (`id`, `question`, `answer`) VALUES (1, 'What color is a banana?', 'Yellow');
INSERT INTO `qcrusherdb`.`question_object` (`id`, `question`, `answer`) VALUES (2, 'What is 2+2?', '4');
INSERT INTO `qcrusherdb`.`question_object` (`id`, `question`, `answer`) VALUES (3, 'Is the ocean dry or wet?', 'Wet');
INSERT INTO `qcrusherdb`.`question_object` (`id`, `question`, `answer`) VALUES (4, 'What color is the sky?', 'Blue');
INSERT INTO `qcrusherdb`.`question_object` (`id`, `question`, `answer`) VALUES (5, 'What do cars drive on?', 'Roads');
INSERT INTO `qcrusherdb`.`question_object` (`id`, `question`, `answer`) VALUES (6, 'What do April showers bring?', 'May flowers');
INSERT INTO `qcrusherdb`.`question_object` (`id`, `question`, `answer`) VALUES (7, 'What color was Napoleon\'s white horse?', 'White');
INSERT INTO `qcrusherdb`.`question_object` (`id`, `question`, `answer`) VALUES (8, 'What are omelettes made from?', 'Eggs');
INSERT INTO `qcrusherdb`.`question_object` (`id`, `question`, `answer`) VALUES (9, 'What do you stick to envelopes?', 'Stamps');
INSERT INTO `qcrusherdb`.`question_object` (`id`, `question`, `answer`) VALUES (10, 'From what direction does the sun rise?', 'East');
INSERT INTO `qcrusherdb`.`question_object` (`id`, `question`, `answer`) VALUES (11, 'What is the airspeed velocity of an unladen swallow?', 'African or European?');
INSERT INTO `qcrusherdb`.`question_object` (`id`, `question`, `answer`) VALUES (12, 'What is the square root of 25?', '5');
INSERT INTO `qcrusherdb`.`question_object` (`id`, `question`, `answer`) VALUES (13, 'From what direction does the north wind blow?', 'North');
INSERT INTO `qcrusherdb`.`question_object` (`id`, `question`, `answer`) VALUES (14, 'What do baby cows drink?', 'Milk');
INSERT INTO `qcrusherdb`.`question_object` (`id`, `question`, `answer`) VALUES (15, 'What do beavers build across rivers?', 'Dams');
INSERT INTO `qcrusherdb`.`question_object` (`id`, `question`, `answer`) VALUES (DEFAULT, 'What is the largest object in orbit around the Earth?', 'The Moon');

COMMIT;


-- -----------------------------------------------------
-- Data for table `qcrusherdb`.`user`
-- -----------------------------------------------------
START TRANSACTION;
USE `qcrusherdb`;
INSERT INTO `qcrusherdb`.`user` (`id`, `username`, `password`) VALUES (1, 'jbone', 'testpassword');
INSERT INTO `qcrusherdb`.`user` (`id`, `username`, `password`) VALUES (2, 'ymenase', 'testpassword');
INSERT INTO `qcrusherdb`.`user` (`id`, `username`, `password`) VALUES (3, 'kennis', 'testpassword');

COMMIT;


-- -----------------------------------------------------
-- Data for table `qcrusherdb`.`quiz`
-- -----------------------------------------------------
START TRANSACTION;
USE `qcrusherdb`;
INSERT INTO `qcrusherdb`.`quiz` (`id`, `name`, `date_time`, `creator_id`) VALUES (1, 'A Quiz To Remember', '2016-11-19 00:00:00', 1);
INSERT INTO `qcrusherdb`.`quiz` (`id`, `name`, `date_time`, `creator_id`) VALUES (2, 'Quiz-a-Lot', '2016-11-19 00:00:00', 2);
INSERT INTO `qcrusherdb`.`quiz` (`id`, `name`, `date_time`, `creator_id`) VALUES (3, 'Quizzical', '2016-11-19 00:00:00', 3);

COMMIT;


-- -----------------------------------------------------
-- Data for table `qcrusherdb`.`attempt`
-- -----------------------------------------------------
START TRANSACTION;
USE `qcrusherdb`;
INSERT INTO `qcrusherdb`.`attempt` (`id`, `date_time`, `user_id`, `quiz_id`) VALUES (1, '2016-11-19 11:02:09', 1, 1);
INSERT INTO `qcrusherdb`.`attempt` (`id`, `date_time`, `user_id`, `quiz_id`) VALUES (2, '2016-11-19 11:02:57', 1, 2);
INSERT INTO `qcrusherdb`.`attempt` (`id`, `date_time`, `user_id`, `quiz_id`) VALUES (3, '2016-11-19 11:03:06', 1, 3);
INSERT INTO `qcrusherdb`.`attempt` (`id`, `date_time`, `user_id`, `quiz_id`) VALUES (4, '2016-11-19 11:03:06', 2, 1);
INSERT INTO `qcrusherdb`.`attempt` (`id`, `date_time`, `user_id`, `quiz_id`) VALUES (5, '2016-11-19 11:03:10', 2, 2);
INSERT INTO `qcrusherdb`.`attempt` (`id`, `date_time`, `user_id`, `quiz_id`) VALUES (6, '2016-11-19 11:03:12', 2, 3);
INSERT INTO `qcrusherdb`.`attempt` (`id`, `date_time`, `user_id`, `quiz_id`) VALUES (7, '2016-11-19 11:03:15', 3, 1);
INSERT INTO `qcrusherdb`.`attempt` (`id`, `date_time`, `user_id`, `quiz_id`) VALUES (8, '2016-11-19 11:03:18', 3, 2);
INSERT INTO `qcrusherdb`.`attempt` (`id`, `date_time`, `user_id`, `quiz_id`) VALUES (9, '2016-11-19 11:03:22', 3, 3);
INSERT INTO `qcrusherdb`.`attempt` (`id`, `date_time`, `user_id`, `quiz_id`) VALUES (10, '2016-11-19 11:03:26', 1, 1);
INSERT INTO `qcrusherdb`.`attempt` (`id`, `date_time`, `user_id`, `quiz_id`) VALUES (11, '2016-11-19 11:03:55', 1, 2);
INSERT INTO `qcrusherdb`.`attempt` (`id`, `date_time`, `user_id`, `quiz_id`) VALUES (12, '2016-11-19 11:04:02', 1, 3);

COMMIT;


-- -----------------------------------------------------
-- Data for table `qcrusherdb`.`attempt_question`
-- -----------------------------------------------------
START TRANSACTION;
USE `qcrusherdb`;
INSERT INTO `qcrusherdb`.`attempt_question` (`was_correct`, `question_id`, `attempt_id`) VALUES (TRUE, 1, 1);
INSERT INTO `qcrusherdb`.`attempt_question` (`was_correct`, `question_id`, `attempt_id`) VALUES (FALSE, 2, 1);
INSERT INTO `qcrusherdb`.`attempt_question` (`was_correct`, `question_id`, `attempt_id`) VALUES (true, 3, 1);
INSERT INTO `qcrusherdb`.`attempt_question` (`was_correct`, `question_id`, `attempt_id`) VALUES (false, 4, 1);
INSERT INTO `qcrusherdb`.`attempt_question` (`was_correct`, `question_id`, `attempt_id`) VALUES (true, 5, 1);
INSERT INTO `qcrusherdb`.`attempt_question` (`was_correct`, `question_id`, `attempt_id`) VALUES (false, 6, 2);
INSERT INTO `qcrusherdb`.`attempt_question` (`was_correct`, `question_id`, `attempt_id`) VALUES (true, 7, 2);
INSERT INTO `qcrusherdb`.`attempt_question` (`was_correct`, `question_id`, `attempt_id`) VALUES (false, 8, 2);
INSERT INTO `qcrusherdb`.`attempt_question` (`was_correct`, `question_id`, `attempt_id`) VALUES (true, 9, 2);
INSERT INTO `qcrusherdb`.`attempt_question` (`was_correct`, `question_id`, `attempt_id`) VALUES (false, 10, 2);
INSERT INTO `qcrusherdb`.`attempt_question` (`was_correct`, `question_id`, `attempt_id`) VALUES (true, 11, 3);
INSERT INTO `qcrusherdb`.`attempt_question` (`was_correct`, `question_id`, `attempt_id`) VALUES (false, 12, 3);
INSERT INTO `qcrusherdb`.`attempt_question` (`was_correct`, `question_id`, `attempt_id`) VALUES (true, 13, 3);
INSERT INTO `qcrusherdb`.`attempt_question` (`was_correct`, `question_id`, `attempt_id`) VALUES (false, 14, 3);
INSERT INTO `qcrusherdb`.`attempt_question` (`was_correct`, `question_id`, `attempt_id`) VALUES (true, 15, 3);
INSERT INTO `qcrusherdb`.`attempt_question` (`was_correct`, `question_id`, `attempt_id`) VALUES (false, 1, 4);
INSERT INTO `qcrusherdb`.`attempt_question` (`was_correct`, `question_id`, `attempt_id`) VALUES (true, 2, 4);
INSERT INTO `qcrusherdb`.`attempt_question` (`was_correct`, `question_id`, `attempt_id`) VALUES (false, 3, 4);
INSERT INTO `qcrusherdb`.`attempt_question` (`was_correct`, `question_id`, `attempt_id`) VALUES (true, 4, 4);
INSERT INTO `qcrusherdb`.`attempt_question` (`was_correct`, `question_id`, `attempt_id`) VALUES (false, 5, 4);
INSERT INTO `qcrusherdb`.`attempt_question` (`was_correct`, `question_id`, `attempt_id`) VALUES (true, 6, 5);
INSERT INTO `qcrusherdb`.`attempt_question` (`was_correct`, `question_id`, `attempt_id`) VALUES (false, 7, 5);
INSERT INTO `qcrusherdb`.`attempt_question` (`was_correct`, `question_id`, `attempt_id`) VALUES (true, 8, 5);
INSERT INTO `qcrusherdb`.`attempt_question` (`was_correct`, `question_id`, `attempt_id`) VALUES (false, 9, 5);
INSERT INTO `qcrusherdb`.`attempt_question` (`was_correct`, `question_id`, `attempt_id`) VALUES (true, 10, 5);
INSERT INTO `qcrusherdb`.`attempt_question` (`was_correct`, `question_id`, `attempt_id`) VALUES (false, 11, 6);
INSERT INTO `qcrusherdb`.`attempt_question` (`was_correct`, `question_id`, `attempt_id`) VALUES (true, 12, 6);
INSERT INTO `qcrusherdb`.`attempt_question` (`was_correct`, `question_id`, `attempt_id`) VALUES (false, 13, 6);
INSERT INTO `qcrusherdb`.`attempt_question` (`was_correct`, `question_id`, `attempt_id`) VALUES (true, 14, 6);
INSERT INTO `qcrusherdb`.`attempt_question` (`was_correct`, `question_id`, `attempt_id`) VALUES (false, 15, 6);
INSERT INTO `qcrusherdb`.`attempt_question` (`was_correct`, `question_id`, `attempt_id`) VALUES (true, 1, 7);
INSERT INTO `qcrusherdb`.`attempt_question` (`was_correct`, `question_id`, `attempt_id`) VALUES (false, 2, 7);
INSERT INTO `qcrusherdb`.`attempt_question` (`was_correct`, `question_id`, `attempt_id`) VALUES (true, 3, 7);
INSERT INTO `qcrusherdb`.`attempt_question` (`was_correct`, `question_id`, `attempt_id`) VALUES (false, 4, 7);
INSERT INTO `qcrusherdb`.`attempt_question` (`was_correct`, `question_id`, `attempt_id`) VALUES (true, 5, 7);
INSERT INTO `qcrusherdb`.`attempt_question` (`was_correct`, `question_id`, `attempt_id`) VALUES (false, 6, 8);
INSERT INTO `qcrusherdb`.`attempt_question` (`was_correct`, `question_id`, `attempt_id`) VALUES (true, 7, 8);
INSERT INTO `qcrusherdb`.`attempt_question` (`was_correct`, `question_id`, `attempt_id`) VALUES (false, 8, 8);
INSERT INTO `qcrusherdb`.`attempt_question` (`was_correct`, `question_id`, `attempt_id`) VALUES (true, 9, 8);
INSERT INTO `qcrusherdb`.`attempt_question` (`was_correct`, `question_id`, `attempt_id`) VALUES (false, 10, 8);
INSERT INTO `qcrusherdb`.`attempt_question` (`was_correct`, `question_id`, `attempt_id`) VALUES (true, 11, 9);
INSERT INTO `qcrusherdb`.`attempt_question` (`was_correct`, `question_id`, `attempt_id`) VALUES (false, 12, 9);
INSERT INTO `qcrusherdb`.`attempt_question` (`was_correct`, `question_id`, `attempt_id`) VALUES (true, 13, 9);
INSERT INTO `qcrusherdb`.`attempt_question` (`was_correct`, `question_id`, `attempt_id`) VALUES (false, 14, 9);
INSERT INTO `qcrusherdb`.`attempt_question` (`was_correct`, `question_id`, `attempt_id`) VALUES (true, 15, 9);
INSERT INTO `qcrusherdb`.`attempt_question` (`was_correct`, `question_id`, `attempt_id`) VALUES (false, 1, 10);
INSERT INTO `qcrusherdb`.`attempt_question` (`was_correct`, `question_id`, `attempt_id`) VALUES (true, 2, 10);
INSERT INTO `qcrusherdb`.`attempt_question` (`was_correct`, `question_id`, `attempt_id`) VALUES (false, 3, 10);
INSERT INTO `qcrusherdb`.`attempt_question` (`was_correct`, `question_id`, `attempt_id`) VALUES (true, 4, 10);
INSERT INTO `qcrusherdb`.`attempt_question` (`was_correct`, `question_id`, `attempt_id`) VALUES (false, 5, 10);
INSERT INTO `qcrusherdb`.`attempt_question` (`was_correct`, `question_id`, `attempt_id`) VALUES (true, 6, 11);
INSERT INTO `qcrusherdb`.`attempt_question` (`was_correct`, `question_id`, `attempt_id`) VALUES (false, 7, 11);
INSERT INTO `qcrusherdb`.`attempt_question` (`was_correct`, `question_id`, `attempt_id`) VALUES (true, 8, 11);
INSERT INTO `qcrusherdb`.`attempt_question` (`was_correct`, `question_id`, `attempt_id`) VALUES (false, 9, 11);
INSERT INTO `qcrusherdb`.`attempt_question` (`was_correct`, `question_id`, `attempt_id`) VALUES (true, 10, 11);
INSERT INTO `qcrusherdb`.`attempt_question` (`was_correct`, `question_id`, `attempt_id`) VALUES (false, 11, 12);
INSERT INTO `qcrusherdb`.`attempt_question` (`was_correct`, `question_id`, `attempt_id`) VALUES (true, 12, 12);
INSERT INTO `qcrusherdb`.`attempt_question` (`was_correct`, `question_id`, `attempt_id`) VALUES (false, 13, 12);
INSERT INTO `qcrusherdb`.`attempt_question` (`was_correct`, `question_id`, `attempt_id`) VALUES (true, 14, 12);
INSERT INTO `qcrusherdb`.`attempt_question` (`was_correct`, `question_id`, `attempt_id`) VALUES (false, 15, 12);

COMMIT;


-- -----------------------------------------------------
-- Data for table `qcrusherdb`.`quiz_question`
-- -----------------------------------------------------
START TRANSACTION;
USE `qcrusherdb`;
INSERT INTO `qcrusherdb`.`quiz_question` (`quiz_id`, `question_id`) VALUES (1, 1);
INSERT INTO `qcrusherdb`.`quiz_question` (`quiz_id`, `question_id`) VALUES (1, 2);
INSERT INTO `qcrusherdb`.`quiz_question` (`quiz_id`, `question_id`) VALUES (1, 3);
INSERT INTO `qcrusherdb`.`quiz_question` (`quiz_id`, `question_id`) VALUES (1, 4);
INSERT INTO `qcrusherdb`.`quiz_question` (`quiz_id`, `question_id`) VALUES (1, 5);
INSERT INTO `qcrusherdb`.`quiz_question` (`quiz_id`, `question_id`) VALUES (2, 6);
INSERT INTO `qcrusherdb`.`quiz_question` (`quiz_id`, `question_id`) VALUES (2, 7);
INSERT INTO `qcrusherdb`.`quiz_question` (`quiz_id`, `question_id`) VALUES (2, 8);
INSERT INTO `qcrusherdb`.`quiz_question` (`quiz_id`, `question_id`) VALUES (2, 9);
INSERT INTO `qcrusherdb`.`quiz_question` (`quiz_id`, `question_id`) VALUES (2, 10);
INSERT INTO `qcrusherdb`.`quiz_question` (`quiz_id`, `question_id`) VALUES (3, 11);
INSERT INTO `qcrusherdb`.`quiz_question` (`quiz_id`, `question_id`) VALUES (3, 12);
INSERT INTO `qcrusherdb`.`quiz_question` (`quiz_id`, `question_id`) VALUES (3, 13);
INSERT INTO `qcrusherdb`.`quiz_question` (`quiz_id`, `question_id`) VALUES (3, 14);
INSERT INTO `qcrusherdb`.`quiz_question` (`quiz_id`, `question_id`) VALUES (3, 15);

COMMIT;


-- -----------------------------------------------------
-- Data for table `qcrusherdb`.`quiz_rating`
-- -----------------------------------------------------
START TRANSACTION;
USE `qcrusherdb`;
INSERT INTO `qcrusherdb`.`quiz_rating` (`rating`, `feedback`, `user_id`, `quiz_id`) VALUES (10, 'A thrilling quiz! Wonderful experience all around!', 1, 1);
INSERT INTO `qcrusherdb`.`quiz_rating` (`rating`, `feedback`, `user_id`, `quiz_id`) VALUES (5, 'Average. Meh. So-so.', 1, 2);
INSERT INTO `qcrusherdb`.`quiz_rating` (`rating`, `feedback`, `user_id`, `quiz_id`) VALUES (1, 'Stultifying, soporific, and thoroughly enervating.', 1, 3);
INSERT INTO `qcrusherdb`.`quiz_rating` (`rating`, `feedback`, `user_id`, `quiz_id`) VALUES (7, 'Pretty kewl, thanks for the challenge!', 2, 3);

COMMIT;


-- -----------------------------------------------------
-- Data for table `qcrusherdb`.`question_rating`
-- -----------------------------------------------------
START TRANSACTION;
USE `qcrusherdb`;
INSERT INTO `qcrusherdb`.`question_rating` (`rating`, `feedback`, `user_id`, `question_id`) VALUES (10, 'My favorite question, hands down.', 1, 1);
INSERT INTO `qcrusherdb`.`question_rating` (`rating`, `feedback`, `user_id`, `question_id`) VALUES (8, 'Interesting factoid!', 1, 2);
INSERT INTO `qcrusherdb`.`question_rating` (`rating`, `feedback`, `user_id`, `question_id`) VALUES (6, 'Everybody knows this. Literally everybody.', 2, 4);
INSERT INTO `qcrusherdb`.`question_rating` (`rating`, `feedback`, `user_id`, `question_id`) VALUES (4, 'clap clap', 3, 6);

COMMIT;

